61df91d02542de5360f75cd7,12/14/2021 8:28:57 PM,fernanda@gmail.com,Hola ¿cómo estás?
61df91d02542de5360f75cd8,12/14/2021 8:28:57 PM,luis@gmail.com,Hola ¿cómo estás?
61df91d02542de5360f75cd9,12/14/2021 8:28:57 PM,abril@gmail.com,Hola ¿cómo estás?
61df91d02542de5360f75cda,12/14/2021 8:28:57 PM,jose@gmail.com,Hola ¿cómo estás?
61df91d02542de5360f75cdb,12/14/2021 8:28:57 PM,evelyn@gmail.com,Hola ¿cómo estás?
61df91d02542de5360f75cdc,12/14/2021 8:28:57 PM,abraham@gmail.com,Hola ¿cómo estás?
61df91d02542de5360f75cdd,12/14/2021 8:28:57 PM,victor@gmail.com,Hola ¿cómo estás?
61df91d02542de5360f75cde,12/14/2021 8:28:57 PM,alex@gmail.com,Hola ¿cómo estás?
61df91d02542de5360f75cdf,12/14/2021 8:28:57 PM,lupita@gmail.com,Hola ¿cómo estás?
61df91d02542de5360f75ce0,12/14/2021 8:28:57 PM,julian@gmail.com,Hola ¿cómo estás?
